subject_id	subject_label	predicate_id	object_id	object_label	mapping_justification	mapping_tool	confidence	subject_match_field	object_match_field	match_string	comment
MONDO:0005641	aleutian mink disease	skos:closeMatch	DOID:2934	aleutian mink disease	semapv:LexicalMatching	oaklib	0.5	oio:hasDbXref	oio:hasDbXref	mesh:d000453	LEXMATCH
MONDO:0005641	aleutian mink disease	skos:closeMatch	DOID:2934	aleutian mink disease	semapv:LexicalMatching	oaklib	0.5	oio:hasDbXref	skos:exactMatch	mesh:d000453	LEXMATCH
MONDO:0005641	aleutian mink disease	skos:closeMatch	DOID:2934	aleutian mink disease	semapv:LexicalMatching	oaklib	0.5	skos:relatedMatch	oio:hasDbXref	mesh:d000453	LEXMATCH
MONDO:0005641	aleutian mink disease	skos:closeMatch	DOID:2934	aleutian mink disease	semapv:LexicalMatching	oaklib	0.5	skos:relatedMatch	skos:exactMatch	mesh:d000453	LEXMATCH
MONDO:0005676	borna disease	skos:closeMatch	DOID:5154	borna disease	semapv:LexicalMatching	oaklib	0.5	oio:hasDbXref	oio:hasDbXref	mesh:d001890	LEXMATCH
MONDO:0005676	borna disease	skos:closeMatch	DOID:5154	borna disease	semapv:LexicalMatching	oaklib	0.5	oio:hasDbXref	skos:exactMatch	mesh:d001890	LEXMATCH
MONDO:0005676	borna disease	skos:closeMatch	DOID:5154	borna disease	semapv:LexicalMatching	oaklib	0.5	skos:relatedMatch	oio:hasDbXref	mesh:d001890	LEXMATCH
MONDO:0005676	borna disease	skos:closeMatch	DOID:5154	borna disease	semapv:LexicalMatching	oaklib	0.5	skos:relatedMatch	skos:exactMatch	mesh:d001890	LEXMATCH
MONDO:0006702	chronic inflammatory demyelinating polyradiculoneuropathy	skos:closeMatch	DOID:2536	chronic inflammatory demyelinating polyneuritis	semapv:LexicalMatching	oaklib	0.5	oio:hasDbXref	oio:hasDbXref	icd10cm:g61.81	LEXMATCH
MONDO:0006702	chronic inflammatory demyelinating polyradiculoneuropathy	skos:closeMatch	DOID:2536	chronic inflammatory demyelinating polyneuritis	semapv:LexicalMatching	oaklib	0.5	oio:hasDbXref	oio:hasDbXref	mesh:d020277	LEXMATCH
MONDO:0006702	chronic inflammatory demyelinating polyradiculoneuropathy	skos:closeMatch	DOID:2536	chronic inflammatory demyelinating polyneuritis	semapv:LexicalMatching	oaklib	0.5	skos:exactMatch	oio:hasDbXref	icd10cm:g61.81	LEXMATCH
MONDO:0006702	chronic inflammatory demyelinating polyradiculoneuropathy	skos:closeMatch	DOID:2536	chronic inflammatory demyelinating polyneuritis	semapv:LexicalMatching	oaklib	0.5	skos:exactMatch	oio:hasDbXref	mesh:d020277	LEXMATCH
MONDO:0006879	optic papillitis	skos:closeMatch	DOID:146	papilledema	semapv:LexicalMatching	oaklib	0.5	oio:hasDbXref	oio:hasDbXref	mesh:d010211	LEXMATCH
MONDO:0006879	optic papillitis	skos:closeMatch	DOID:146	papilledema	semapv:LexicalMatching	oaklib	0.5	skos:exactMatch	oio:hasDbXref	mesh:d010211	LEXMATCH
MONDO:0007044	Acrodysostosis 1 with or without hormone resistance	skos:closeMatch	DOID:14669	acrodysostosis	semapv:LexicalMatching	oaklib	0.5	oio:hasDbXref	oio:hasDbXref	omim:101800	LEXMATCH
MONDO:0007044	Acrodysostosis 1 with or without hormone resistance	skos:closeMatch	DOID:14669	acrodysostosis	semapv:LexicalMatching	oaklib	0.5	skos:exactMatch	oio:hasDbXref	omim:101800	LEXMATCH
MONDO:0007044	Acrodysostosis 1 with or without hormone resistance	skos:closeMatch	DOID:14669	acrodysostosis	semapv:LexicalMatching	oaklib	0.5	skos:exactMatch-INVERSE	oio:hasDbXref	omim:101800	LEXMATCH
MONDO:0007315	cherubism	skos:closeMatch	DOID:0070648	cherubism	semapv:LexicalMatching	oaklib	0.5	oio:hasDbXref	oio:hasDbXref	mesh:d002636	LEXMATCH
MONDO:0007315	cherubism	skos:closeMatch	DOID:0070648	cherubism	semapv:LexicalMatching	oaklib	0.5	oio:hasDbXref	skos:exactMatch	mesh:d002636	LEXMATCH
MONDO:0007315	cherubism	skos:closeMatch	DOID:0070648	cherubism	semapv:LexicalMatching	oaklib	0.5	skos:exactMatch	oio:hasDbXref	mesh:d002636	LEXMATCH
MONDO:0009465	multiple intestinal atresia	skos:closeMatch	DOID:14671	multiple intestinal atresia	semapv:LexicalMatching	oaklib	0.5	oio:hasDbXref	oio:hasDbXref	meddra:10028210	LEXMATCH
MONDO:0009465	multiple intestinal atresia	skos:closeMatch	DOID:14671	multiple intestinal atresia	semapv:LexicalMatching	oaklib	0.5	oio:hasDbXref	oio:hasDbXref	mesh:c562441	LEXMATCH
MONDO:0009465	multiple intestinal atresia	skos:closeMatch	DOID:14671	multiple intestinal atresia	semapv:LexicalMatching	oaklib	0.5	skos:closeMatch	oio:hasDbXref	meddra:10028210	LEXMATCH
MONDO:0009465	multiple intestinal atresia	skos:closeMatch	DOID:14671	multiple intestinal atresia	semapv:LexicalMatching	oaklib	0.5	skos:relatedMatch	oio:hasDbXref	mesh:c562441	LEXMATCH
MONDO:0009917	pseudohypoaldosteronism, type IB1, autosomal recessive	skos:closeMatch	DOID:0060854	autosomal recessive pseudohypoaldosteronism type 1	semapv:LexicalMatching	oaklib	0.5	oio:hasDbXref	oio:hasDbXref	omim:264350	LEXMATCH
MONDO:0009917	pseudohypoaldosteronism, type IB1, autosomal recessive	skos:closeMatch	DOID:0060854	autosomal recessive pseudohypoaldosteronism type 1	semapv:LexicalMatching	oaklib	0.5	oio:hasDbXref	skos:exactMatch	omim:264350	LEXMATCH
MONDO:0009917	pseudohypoaldosteronism, type IB1, autosomal recessive	skos:closeMatch	DOID:0060854	autosomal recessive pseudohypoaldosteronism type 1	semapv:LexicalMatching	oaklib	0.5	skos:exactMatch	oio:hasDbXref	omim:264350	LEXMATCH
MONDO:0009917	pseudohypoaldosteronism, type IB1, autosomal recessive	skos:closeMatch	DOID:0060854	autosomal recessive pseudohypoaldosteronism type 1	semapv:LexicalMatching	oaklib	0.5	skos:exactMatch-INVERSE	oio:hasDbXref	omim:264350	LEXMATCH
MONDO:0009917	pseudohypoaldosteronism, type IB1, autosomal recessive	skos:closeMatch	DOID:0060854	autosomal recessive pseudohypoaldosteronism type 1	semapv:LexicalMatching	oaklib	0.5	skos:exactMatch-INVERSE	skos:exactMatch	omim:264350	LEXMATCH
MONDO:0009962	Senior-Loken syndrome 1	skos:closeMatch	DOID:0061277	Senior-Loken syndrome 1	semapv:LexicalMatching	oaklib	0.5	oio:hasDbXref	oio:hasDbXref	omim:266900	LEXMATCH
MONDO:0009962	Senior-Loken syndrome 1	skos:closeMatch	DOID:0061277	Senior-Loken syndrome 1	semapv:LexicalMatching	oaklib	0.5	oio:hasDbXref	skos:exactMatch	omim:266900	LEXMATCH
MONDO:0009962	Senior-Loken syndrome 1	skos:closeMatch	DOID:0061277	Senior-Loken syndrome 1	semapv:LexicalMatching	oaklib	0.5	skos:exactMatch	oio:hasDbXref	omim:266900	LEXMATCH
MONDO:0009962	Senior-Loken syndrome 1	skos:closeMatch	DOID:0061277	Senior-Loken syndrome 1	semapv:LexicalMatching	oaklib	0.5	skos:exactMatch-INVERSE	oio:hasDbXref	omim:266900	LEXMATCH
MONDO:0009962	Senior-Loken syndrome 1	skos:closeMatch	DOID:0061277	Senior-Loken syndrome 1	semapv:LexicalMatching	oaklib	0.5	skos:exactMatch-INVERSE	skos:exactMatch	omim:266900	LEXMATCH
MONDO:0010172	VACTERL with hydrocephalus	skos:closeMatch	DOID:14679	VACTERL association	semapv:LexicalMatching	oaklib	0.5	oio:hasDbXref	oio:hasDbXref	omim:276950	LEXMATCH
MONDO:0010172	VACTERL with hydrocephalus	skos:closeMatch	DOID:14679	VACTERL association	semapv:LexicalMatching	oaklib	0.5	skos:exactMatch	oio:hasDbXref	omim:276950	LEXMATCH
MONDO:0010172	VACTERL with hydrocephalus	skos:closeMatch	DOID:14679	VACTERL association	semapv:LexicalMatching	oaklib	0.5	skos:exactMatch-INVERSE	oio:hasDbXref	omim:276950	LEXMATCH
MONDO:0010194	Weill-Marchesani syndrome 1	skos:closeMatch	DOID:0061273	Weill-Marchesani syndrome 1	semapv:LexicalMatching	oaklib	0.5	oio:hasDbXref	oio:hasDbXref	omim:277600	LEXMATCH
MONDO:0010194	Weill-Marchesani syndrome 1	skos:closeMatch	DOID:0061273	Weill-Marchesani syndrome 1	semapv:LexicalMatching	oaklib	0.5	oio:hasDbXref	skos:exactMatch	omim:277600	LEXMATCH
MONDO:0010194	Weill-Marchesani syndrome 1	skos:closeMatch	DOID:0061273	Weill-Marchesani syndrome 1	semapv:LexicalMatching	oaklib	0.5	skos:exactMatch	oio:hasDbXref	omim:277600	LEXMATCH
MONDO:0010194	Weill-Marchesani syndrome 1	skos:closeMatch	DOID:0061273	Weill-Marchesani syndrome 1	semapv:LexicalMatching	oaklib	0.5	skos:exactMatch-INVERSE	oio:hasDbXref	omim:277600	LEXMATCH
MONDO:0010194	Weill-Marchesani syndrome 1	skos:closeMatch	DOID:0061273	Weill-Marchesani syndrome 1	semapv:LexicalMatching	oaklib	0.5	skos:exactMatch-INVERSE	skos:exactMatch	omim:277600	LEXMATCH
MONDO:0011422	autosomal recessive proximal renal tubular acidosis	skos:closeMatch	DOID:0061195	proximal renal tubular acidosis-ocular anomaly syndrome	semapv:LexicalMatching	oaklib	0.5	oio:hasDbXref	oio:hasDbXref	omim:604278	LEXMATCH
MONDO:0011422	autosomal recessive proximal renal tubular acidosis	skos:closeMatch	DOID:0061195	proximal renal tubular acidosis-ocular anomaly syndrome	semapv:LexicalMatching	oaklib	0.5	oio:hasDbXref	skos:exactMatch	omim:604278	LEXMATCH
MONDO:0011422	autosomal recessive proximal renal tubular acidosis	skos:closeMatch	DOID:0061195	proximal renal tubular acidosis-ocular anomaly syndrome	semapv:LexicalMatching	oaklib	0.5	skos:exactMatch	oio:hasDbXref	omim:604278	LEXMATCH
MONDO:0011422	autosomal recessive proximal renal tubular acidosis	skos:closeMatch	DOID:0061195	proximal renal tubular acidosis-ocular anomaly syndrome	semapv:LexicalMatching	oaklib	0.5	skos:exactMatch-INVERSE	oio:hasDbXref	omim:604278	LEXMATCH
MONDO:0011422	autosomal recessive proximal renal tubular acidosis	skos:closeMatch	DOID:0061195	proximal renal tubular acidosis-ocular anomaly syndrome	semapv:LexicalMatching	oaklib	0.5	skos:exactMatch-INVERSE	skos:exactMatch	omim:604278	LEXMATCH
MONDO:0011527	Charcot-Marie-Tooth disease type 4E	skos:closeMatch	DOID:0070678	congenital hypomyelinating neuropathy	semapv:LexicalMatching	oaklib	0.5	oio:hasDbXref	oio:hasDbXref	mesh:c535301	LEXMATCH
MONDO:0011527	Charcot-Marie-Tooth disease type 4E	skos:closeMatch	DOID:0070678	congenital hypomyelinating neuropathy	semapv:LexicalMatching	oaklib	0.5	oio:hasDbXref	skos:exactMatch	mesh:c535301	LEXMATCH
MONDO:0011527	Charcot-Marie-Tooth disease type 4E	skos:closeMatch	DOID:0070678	congenital hypomyelinating neuropathy	semapv:LexicalMatching	oaklib	0.5	oio:hasRelatedSynonym	oio:hasExactSynonym	congenital hypomyelination neuropathy	LEXMATCH
MONDO:0011527	Charcot-Marie-Tooth disease type 4E	skos:closeMatch	DOID:0070678	congenital hypomyelinating neuropathy	semapv:LexicalMatching	oaklib	0.5	skos:exactMatch	oio:hasDbXref	mesh:c535301	LEXMATCH
MONDO:0011576	familial hyperaldosteronism type II	skos:closeMatch	DOID:0061249	familial hyperaldosteronism II	semapv:LexicalMatching	oaklib	0.5	oio:hasDbXref	oio:hasDbXref	omim:605635	LEXMATCH
MONDO:0011576	familial hyperaldosteronism type II	skos:closeMatch	DOID:0061249	familial hyperaldosteronism II	semapv:LexicalMatching	oaklib	0.5	oio:hasDbXref	skos:exactMatch	omim:605635	LEXMATCH
MONDO:0011576	familial hyperaldosteronism type II	skos:closeMatch	DOID:0061249	familial hyperaldosteronism II	semapv:LexicalMatching	oaklib	0.5	skos:exactMatch	oio:hasDbXref	omim:605635	LEXMATCH
MONDO:0011576	familial hyperaldosteronism type II	skos:closeMatch	DOID:0061249	familial hyperaldosteronism II	semapv:LexicalMatching	oaklib	0.5	skos:exactMatch-INVERSE	oio:hasDbXref	omim:605635	LEXMATCH
MONDO:0011576	familial hyperaldosteronism type II	skos:closeMatch	DOID:0061249	familial hyperaldosteronism II	semapv:LexicalMatching	oaklib	0.5	skos:exactMatch-INVERSE	skos:exactMatch	omim:605635	LEXMATCH
MONDO:0011756	Senior-Loken syndrome 4	skos:closeMatch	DOID:0061278	Senior-Loken syndrome 4	semapv:LexicalMatching	oaklib	0.5	oio:hasDbXref	oio:hasDbXref	omim:606996	LEXMATCH
MONDO:0011756	Senior-Loken syndrome 4	skos:closeMatch	DOID:0061278	Senior-Loken syndrome 4	semapv:LexicalMatching	oaklib	0.5	oio:hasDbXref	skos:exactMatch	omim:606996	LEXMATCH
MONDO:0011756	Senior-Loken syndrome 4	skos:closeMatch	DOID:0061278	Senior-Loken syndrome 4	semapv:LexicalMatching	oaklib	0.5	skos:exactMatch	oio:hasDbXref	omim:606996	LEXMATCH
MONDO:0011756	Senior-Loken syndrome 4	skos:closeMatch	DOID:0061278	Senior-Loken syndrome 4	semapv:LexicalMatching	oaklib	0.5	skos:exactMatch-INVERSE	oio:hasDbXref	omim:606996	LEXMATCH
MONDO:0011756	Senior-Loken syndrome 4	skos:closeMatch	DOID:0061278	Senior-Loken syndrome 4	semapv:LexicalMatching	oaklib	0.5	skos:exactMatch-INVERSE	skos:exactMatch	omim:606996	LEXMATCH
MONDO:0012013	Weill-Marchesani syndrome 2, dominant	skos:closeMatch	DOID:0061274	Weill-Marchesani syndrome 2	semapv:LexicalMatching	oaklib	0.5	oio:hasDbXref	oio:hasDbXref	omim:608328	LEXMATCH
MONDO:0012013	Weill-Marchesani syndrome 2, dominant	skos:closeMatch	DOID:0061274	Weill-Marchesani syndrome 2	semapv:LexicalMatching	oaklib	0.5	oio:hasDbXref	skos:exactMatch	omim:608328	LEXMATCH
MONDO:0012013	Weill-Marchesani syndrome 2, dominant	skos:closeMatch	DOID:0061274	Weill-Marchesani syndrome 2	semapv:LexicalMatching	oaklib	0.5	skos:exactMatch	oio:hasDbXref	omim:608328	LEXMATCH
MONDO:0012013	Weill-Marchesani syndrome 2, dominant	skos:closeMatch	DOID:0061274	Weill-Marchesani syndrome 2	semapv:LexicalMatching	oaklib	0.5	skos:exactMatch-INVERSE	oio:hasDbXref	omim:608328	LEXMATCH
MONDO:0012013	Weill-Marchesani syndrome 2, dominant	skos:closeMatch	DOID:0061274	Weill-Marchesani syndrome 2	semapv:LexicalMatching	oaklib	0.5	skos:exactMatch-INVERSE	skos:exactMatch	omim:608328	LEXMATCH
MONDO:0012051	periodontitis, aggressive, 2	skos:closeMatch	DOID:0051075	aggressive periodontitis 2	semapv:LexicalMatching	oaklib	0.5	oio:hasDbXref	oio:hasDbXref	omim:608526	LEXMATCH
MONDO:0012051	periodontitis, aggressive, 2	skos:closeMatch	DOID:0051075	aggressive periodontitis 2	semapv:LexicalMatching	oaklib	0.5	oio:hasDbXref	skos:exactMatch	omim:608526	LEXMATCH
MONDO:0012051	periodontitis, aggressive, 2	skos:closeMatch	DOID:0051075	aggressive periodontitis 2	semapv:LexicalMatching	oaklib	0.5	skos:exactMatch	oio:hasDbXref	omim:608526	LEXMATCH
MONDO:0012051	periodontitis, aggressive, 2	skos:closeMatch	DOID:0051075	aggressive periodontitis 2	semapv:LexicalMatching	oaklib	0.5	skos:exactMatch-INVERSE	oio:hasDbXref	omim:608526	LEXMATCH
MONDO:0012051	periodontitis, aggressive, 2	skos:closeMatch	DOID:0051075	aggressive periodontitis 2	semapv:LexicalMatching	oaklib	0.5	skos:exactMatch-INVERSE	skos:exactMatch	omim:608526	LEXMATCH
MONDO:0012225	Senior-Loken syndrome 5	skos:closeMatch	DOID:0061279	Senior-Loken syndrome 5	semapv:LexicalMatching	oaklib	0.5	oio:hasDbXref	oio:hasDbXref	omim:609254	LEXMATCH
MONDO:0012225	Senior-Loken syndrome 5	skos:closeMatch	DOID:0061279	Senior-Loken syndrome 5	semapv:LexicalMatching	oaklib	0.5	oio:hasDbXref	skos:exactMatch	omim:609254	LEXMATCH
MONDO:0012225	Senior-Loken syndrome 5	skos:closeMatch	DOID:0061279	Senior-Loken syndrome 5	semapv:LexicalMatching	oaklib	0.5	skos:exactMatch	oio:hasDbXref	omim:609254	LEXMATCH
MONDO:0012225	Senior-Loken syndrome 5	skos:closeMatch	DOID:0061279	Senior-Loken syndrome 5	semapv:LexicalMatching	oaklib	0.5	skos:exactMatch-INVERSE	oio:hasDbXref	omim:609254	LEXMATCH
MONDO:0012225	Senior-Loken syndrome 5	skos:closeMatch	DOID:0061279	Senior-Loken syndrome 5	semapv:LexicalMatching	oaklib	0.5	skos:exactMatch-INVERSE	skos:exactMatch	omim:609254	LEXMATCH
MONDO:0012335	obesity due to pro-opiomelanocortin deficiency	skos:closeMatch	DOID:0051068	early-onset obesity, adrenal insufficiency, and red hair	semapv:LexicalMatching	oaklib	0.5	oio:hasDbXref	oio:hasDbXref	omim:609734	LEXMATCH
MONDO:0012335	obesity due to pro-opiomelanocortin deficiency	skos:closeMatch	DOID:0051068	early-onset obesity, adrenal insufficiency, and red hair	semapv:LexicalMatching	oaklib	0.5	oio:hasDbXref	skos:exactMatch	omim:609734	LEXMATCH
MONDO:0012335	obesity due to pro-opiomelanocortin deficiency	skos:closeMatch	DOID:0051068	early-onset obesity, adrenal insufficiency, and red hair	semapv:LexicalMatching	oaklib	0.5	skos:exactMatch	oio:hasDbXref	omim:609734	LEXMATCH
MONDO:0012335	obesity due to pro-opiomelanocortin deficiency	skos:closeMatch	DOID:0051068	early-onset obesity, adrenal insufficiency, and red hair	semapv:LexicalMatching	oaklib	0.5	skos:exactMatch-INVERSE	oio:hasDbXref	omim:609734	LEXMATCH
MONDO:0012335	obesity due to pro-opiomelanocortin deficiency	skos:closeMatch	DOID:0051068	early-onset obesity, adrenal insufficiency, and red hair	semapv:LexicalMatching	oaklib	0.5	skos:exactMatch-INVERSE	skos:exactMatch	omim:609734	LEXMATCH
MONDO:0012433	Senior-Loken syndrome 6	skos:closeMatch	DOID:0061280	Senior-Loken syndrome 6	semapv:LexicalMatching	oaklib	0.5	oio:hasDbXref	oio:hasDbXref	omim:610189	LEXMATCH
MONDO:0012433	Senior-Loken syndrome 6	skos:closeMatch	DOID:0061280	Senior-Loken syndrome 6	semapv:LexicalMatching	oaklib	0.5	oio:hasDbXref	skos:exactMatch	omim:610189	LEXMATCH
MONDO:0012433	Senior-Loken syndrome 6	skos:closeMatch	DOID:0061280	Senior-Loken syndrome 6	semapv:LexicalMatching	oaklib	0.5	skos:exactMatch	oio:hasDbXref	omim:610189	LEXMATCH
MONDO:0012433	Senior-Loken syndrome 6	skos:closeMatch	DOID:0061280	Senior-Loken syndrome 6	semapv:LexicalMatching	oaklib	0.5	skos:exactMatch-INVERSE	oio:hasDbXref	omim:610189	LEXMATCH
MONDO:0012433	Senior-Loken syndrome 6	skos:closeMatch	DOID:0061280	Senior-Loken syndrome 6	semapv:LexicalMatching	oaklib	0.5	skos:exactMatch-INVERSE	skos:exactMatch	omim:610189	LEXMATCH
MONDO:0012853	Fontaine progeroid syndrome	skos:closeMatch	DOID:0051067	Fontaine progeroid syndrome	semapv:LexicalMatching	oaklib	0.5	oio:hasDbXref	oio:hasDbXref	omim:612289	LEXMATCH
MONDO:0012853	Fontaine progeroid syndrome	skos:closeMatch	DOID:0051067	Fontaine progeroid syndrome	semapv:LexicalMatching	oaklib	0.5	oio:hasDbXref	skos:exactMatch	omim:612289	LEXMATCH
MONDO:0012853	Fontaine progeroid syndrome	skos:closeMatch	DOID:0051067	Fontaine progeroid syndrome	semapv:LexicalMatching	oaklib	0.5	skos:exactMatch	oio:hasDbXref	omim:612289	LEXMATCH
MONDO:0012853	Fontaine progeroid syndrome	skos:closeMatch	DOID:0051067	Fontaine progeroid syndrome	semapv:LexicalMatching	oaklib	0.5	skos:exactMatch-INVERSE	oio:hasDbXref	omim:612289	LEXMATCH
MONDO:0012853	Fontaine progeroid syndrome	skos:closeMatch	DOID:0051067	Fontaine progeroid syndrome	semapv:LexicalMatching	oaklib	0.5	skos:exactMatch-INVERSE	skos:exactMatch	omim:612289	LEXMATCH
MONDO:0013176	Weill-Marchesani 4 syndrome, recessive	skos:closeMatch	DOID:0061276	Weill-Marchesani syndrome 4	semapv:LexicalMatching	oaklib	0.5	oio:hasDbXref	oio:hasDbXref	omim:613195	LEXMATCH
MONDO:0013176	Weill-Marchesani 4 syndrome, recessive	skos:closeMatch	DOID:0061276	Weill-Marchesani syndrome 4	semapv:LexicalMatching	oaklib	0.5	oio:hasDbXref	skos:exactMatch	omim:613195	LEXMATCH
MONDO:0013176	Weill-Marchesani 4 syndrome, recessive	skos:closeMatch	DOID:0061276	Weill-Marchesani syndrome 4	semapv:LexicalMatching	oaklib	0.5	skos:exactMatch	oio:hasDbXref	omim:613195	LEXMATCH
MONDO:0013176	Weill-Marchesani 4 syndrome, recessive	skos:closeMatch	DOID:0061276	Weill-Marchesani syndrome 4	semapv:LexicalMatching	oaklib	0.5	skos:exactMatch-INVERSE	oio:hasDbXref	omim:613195	LEXMATCH
MONDO:0013176	Weill-Marchesani 4 syndrome, recessive	skos:closeMatch	DOID:0061276	Weill-Marchesani syndrome 4	semapv:LexicalMatching	oaklib	0.5	skos:exactMatch-INVERSE	skos:exactMatch	omim:613195	LEXMATCH
MONDO:0013326	Senior-Loken syndrome 7	skos:closeMatch	DOID:0061281	Senior-Loken syndrome 7	semapv:LexicalMatching	oaklib	0.5	oio:hasDbXref	oio:hasDbXref	omim:613615	LEXMATCH
MONDO:0013326	Senior-Loken syndrome 7	skos:closeMatch	DOID:0061281	Senior-Loken syndrome 7	semapv:LexicalMatching	oaklib	0.5	oio:hasDbXref	skos:exactMatch	omim:613615	LEXMATCH
MONDO:0013326	Senior-Loken syndrome 7	skos:closeMatch	DOID:0061281	Senior-Loken syndrome 7	semapv:LexicalMatching	oaklib	0.5	skos:exactMatch	oio:hasDbXref	omim:613615	LEXMATCH
MONDO:0013326	Senior-Loken syndrome 7	skos:closeMatch	DOID:0061281	Senior-Loken syndrome 7	semapv:LexicalMatching	oaklib	0.5	skos:exactMatch-INVERSE	oio:hasDbXref	omim:613615	LEXMATCH
MONDO:0013326	Senior-Loken syndrome 7	skos:closeMatch	DOID:0061281	Senior-Loken syndrome 7	semapv:LexicalMatching	oaklib	0.5	skos:exactMatch-INVERSE	skos:exactMatch	omim:613615	LEXMATCH
MONDO:0013359	familial hyperaldosteronism type III	skos:closeMatch	DOID:0061248	familial hyperaldosteronism III	semapv:LexicalMatching	oaklib	0.5	oio:hasDbXref	oio:hasDbXref	omim:613677	LEXMATCH
MONDO:0013359	familial hyperaldosteronism type III	skos:closeMatch	DOID:0061248	familial hyperaldosteronism III	semapv:LexicalMatching	oaklib	0.5	oio:hasDbXref	skos:exactMatch	omim:613677	LEXMATCH
MONDO:0013359	familial hyperaldosteronism type III	skos:closeMatch	DOID:0061248	familial hyperaldosteronism III	semapv:LexicalMatching	oaklib	0.5	skos:exactMatch	oio:hasDbXref	omim:613677	LEXMATCH
MONDO:0013359	familial hyperaldosteronism type III	skos:closeMatch	DOID:0061248	familial hyperaldosteronism III	semapv:LexicalMatching	oaklib	0.5	skos:exactMatch-INVERSE	oio:hasDbXref	omim:613677	LEXMATCH
MONDO:0013359	familial hyperaldosteronism type III	skos:closeMatch	DOID:0061248	familial hyperaldosteronism III	semapv:LexicalMatching	oaklib	0.5	skos:exactMatch-INVERSE	skos:exactMatch	omim:613677	LEXMATCH
MONDO:0013822	acrodysostosis 2 with or without hormone resistance	skos:closeMatch	DOID:14669	acrodysostosis	semapv:LexicalMatching	oaklib	0.5	oio:hasDbXref	oio:hasDbXref	omim:614613	LEXMATCH
MONDO:0013822	acrodysostosis 2 with or without hormone resistance	skos:closeMatch	DOID:14669	acrodysostosis	semapv:LexicalMatching	oaklib	0.5	skos:exactMatch	oio:hasDbXref	omim:614613	LEXMATCH
MONDO:0013822	acrodysostosis 2 with or without hormone resistance	skos:closeMatch	DOID:14669	acrodysostosis	semapv:LexicalMatching	oaklib	0.5	skos:exactMatch-INVERSE	oio:hasDbXref	omim:614613	LEXMATCH
MONDO:0013899	Weill-Marchesani syndrome 3	skos:closeMatch	DOID:0061275	Weill-Marchesani syndrome 3	semapv:LexicalMatching	oaklib	0.5	oio:hasDbXref	oio:hasDbXref	omim:614819	LEXMATCH
MONDO:0013899	Weill-Marchesani syndrome 3	skos:closeMatch	DOID:0061275	Weill-Marchesani syndrome 3	semapv:LexicalMatching	oaklib	0.5	oio:hasDbXref	skos:exactMatch	omim:614819	LEXMATCH
MONDO:0013899	Weill-Marchesani syndrome 3	skos:closeMatch	DOID:0061275	Weill-Marchesani syndrome 3	semapv:LexicalMatching	oaklib	0.5	skos:exactMatch	oio:hasDbXref	omim:614819	LEXMATCH
MONDO:0013899	Weill-Marchesani syndrome 3	skos:closeMatch	DOID:0061275	Weill-Marchesani syndrome 3	semapv:LexicalMatching	oaklib	0.5	skos:exactMatch-INVERSE	oio:hasDbXref	omim:614819	LEXMATCH
MONDO:0013899	Weill-Marchesani syndrome 3	skos:closeMatch	DOID:0061275	Weill-Marchesani syndrome 3	semapv:LexicalMatching	oaklib	0.5	skos:exactMatch-INVERSE	skos:exactMatch	omim:614819	LEXMATCH
MONDO:0014149	fetal akinesia-cerebral and retinal hemorrhage syndrome	skos:closeMatch	DOID:0061261	lethal congenital contracture syndrome 5	semapv:LexicalMatching	oaklib	0.5	oio:hasDbXref	oio:hasDbXref	omim:615368	LEXMATCH
MONDO:0014149	fetal akinesia-cerebral and retinal hemorrhage syndrome	skos:closeMatch	DOID:0061261	lethal congenital contracture syndrome 5	semapv:LexicalMatching	oaklib	0.5	oio:hasDbXref	skos:exactMatch	omim:615368	LEXMATCH
MONDO:0014149	fetal akinesia-cerebral and retinal hemorrhage syndrome	skos:closeMatch	DOID:0061261	lethal congenital contracture syndrome 5	semapv:LexicalMatching	oaklib	0.5	oio:hasRelatedSynonym	oio:hasExactSynonym	lethal congenital contracture syndrome type 5	LEXMATCH
MONDO:0014149	fetal akinesia-cerebral and retinal hemorrhage syndrome	skos:closeMatch	DOID:0061261	lethal congenital contracture syndrome 5	semapv:LexicalMatching	oaklib	0.5	oio:hasRelatedSynonym	rdfs:label	lethal congenital contracture syndrome type 5	LEXMATCH
MONDO:0014149	fetal akinesia-cerebral and retinal hemorrhage syndrome	skos:closeMatch	DOID:0061261	lethal congenital contracture syndrome 5	semapv:LexicalMatching	oaklib	0.5	skos:exactMatch	oio:hasDbXref	omim:615368	LEXMATCH
MONDO:0014149	fetal akinesia-cerebral and retinal hemorrhage syndrome	skos:closeMatch	DOID:0061261	lethal congenital contracture syndrome 5	semapv:LexicalMatching	oaklib	0.5	skos:exactMatch-INVERSE	oio:hasDbXref	omim:615368	LEXMATCH
MONDO:0014149	fetal akinesia-cerebral and retinal hemorrhage syndrome	skos:closeMatch	DOID:0061261	lethal congenital contracture syndrome 5	semapv:LexicalMatching	oaklib	0.5	skos:exactMatch-INVERSE	skos:exactMatch	omim:615368	LEXMATCH
MONDO:0014240	periventricular nodular heterotopia 6	skos:closeMatch	DOID:0061269	periventricular nodular heterotopia 6	semapv:LexicalMatching	oaklib	0.5	oio:hasDbXref	oio:hasDbXref	omim:615544	LEXMATCH
MONDO:0014240	periventricular nodular heterotopia 6	skos:closeMatch	DOID:0061269	periventricular nodular heterotopia 6	semapv:LexicalMatching	oaklib	0.5	oio:hasDbXref	skos:exactMatch	omim:615544	LEXMATCH
MONDO:0014240	periventricular nodular heterotopia 6	skos:closeMatch	DOID:0061269	periventricular nodular heterotopia 6	semapv:LexicalMatching	oaklib	0.5	skos:exactMatch	oio:hasDbXref	omim:615544	LEXMATCH
MONDO:0014240	periventricular nodular heterotopia 6	skos:closeMatch	DOID:0061269	periventricular nodular heterotopia 6	semapv:LexicalMatching	oaklib	0.5	skos:exactMatch-INVERSE	oio:hasDbXref	omim:615544	LEXMATCH
MONDO:0014240	periventricular nodular heterotopia 6	skos:closeMatch	DOID:0061269	periventricular nodular heterotopia 6	semapv:LexicalMatching	oaklib	0.5	skos:exactMatch-INVERSE	skos:exactMatch	omim:615544	LEXMATCH
MONDO:0014549	lethal congenital contracture syndrome 6	skos:closeMatch	DOID:0061262	lethal congenital contracture syndrome 6	semapv:LexicalMatching	oaklib	0.5	oio:hasDbXref	oio:hasDbXref	omim:616248	LEXMATCH
MONDO:0014549	lethal congenital contracture syndrome 6	skos:closeMatch	DOID:0061262	lethal congenital contracture syndrome 6	semapv:LexicalMatching	oaklib	0.5	oio:hasDbXref	skos:exactMatch	omim:616248	LEXMATCH
MONDO:0014549	lethal congenital contracture syndrome 6	skos:closeMatch	DOID:0061262	lethal congenital contracture syndrome 6	semapv:LexicalMatching	oaklib	0.5	skos:exactMatch	oio:hasDbXref	omim:616248	LEXMATCH
MONDO:0014549	lethal congenital contracture syndrome 6	skos:closeMatch	DOID:0061262	lethal congenital contracture syndrome 6	semapv:LexicalMatching	oaklib	0.5	skos:exactMatch-INVERSE	oio:hasDbXref	omim:616248	LEXMATCH
MONDO:0014549	lethal congenital contracture syndrome 6	skos:closeMatch	DOID:0061262	lethal congenital contracture syndrome 6	semapv:LexicalMatching	oaklib	0.5	skos:exactMatch-INVERSE	skos:exactMatch	omim:616248	LEXMATCH
MONDO:0014569	lethal congenital contracture syndrome 7	skos:closeMatch	DOID:0061263	lethal congenital contracture syndrome 7	semapv:LexicalMatching	oaklib	0.5	oio:hasDbXref	oio:hasDbXref	gard:0018564	LEXMATCH
MONDO:0014569	lethal congenital contracture syndrome 7	skos:closeMatch	DOID:0061263	lethal congenital contracture syndrome 7	semapv:LexicalMatching	oaklib	0.5	oio:hasDbXref	oio:hasDbXref	omim:616286	LEXMATCH
MONDO:0014569	lethal congenital contracture syndrome 7	skos:closeMatch	DOID:0061263	lethal congenital contracture syndrome 7	semapv:LexicalMatching	oaklib	0.5	oio:hasDbXref	skos:exactMatch	gard:0018564	LEXMATCH
MONDO:0014569	lethal congenital contracture syndrome 7	skos:closeMatch	DOID:0061263	lethal congenital contracture syndrome 7	semapv:LexicalMatching	oaklib	0.5	oio:hasDbXref	skos:exactMatch	omim:616286	LEXMATCH
MONDO:0014569	lethal congenital contracture syndrome 7	skos:closeMatch	DOID:0061263	lethal congenital contracture syndrome 7	semapv:LexicalMatching	oaklib	0.5	skos:exactMatch	oio:hasDbXref	omim:616286	LEXMATCH
MONDO:0014569	lethal congenital contracture syndrome 7	skos:closeMatch	DOID:0061263	lethal congenital contracture syndrome 7	semapv:LexicalMatching	oaklib	0.5	skos:exactMatch-INVERSE	oio:hasDbXref	omim:616286	LEXMATCH
MONDO:0014569	lethal congenital contracture syndrome 7	skos:closeMatch	DOID:0061263	lethal congenital contracture syndrome 7	semapv:LexicalMatching	oaklib	0.5	skos:exactMatch-INVERSE	skos:exactMatch	omim:616286	LEXMATCH
MONDO:0014570	lethal congenital contracture syndrome 8	skos:closeMatch	DOID:0061264	lethal congenital contracture syndrome 8	semapv:LexicalMatching	oaklib	0.5	oio:hasDbXref	oio:hasDbXref	omim:616287	LEXMATCH
MONDO:0014570	lethal congenital contracture syndrome 8	skos:closeMatch	DOID:0061264	lethal congenital contracture syndrome 8	semapv:LexicalMatching	oaklib	0.5	oio:hasDbXref	skos:exactMatch	omim:616287	LEXMATCH
MONDO:0014570	lethal congenital contracture syndrome 8	skos:closeMatch	DOID:0061264	lethal congenital contracture syndrome 8	semapv:LexicalMatching	oaklib	0.5	skos:exactMatch	oio:hasDbXref	omim:616287	LEXMATCH
MONDO:0014570	lethal congenital contracture syndrome 8	skos:closeMatch	DOID:0061264	lethal congenital contracture syndrome 8	semapv:LexicalMatching	oaklib	0.5	skos:exactMatch-INVERSE	oio:hasDbXref	omim:616287	LEXMATCH
MONDO:0014570	lethal congenital contracture syndrome 8	skos:closeMatch	DOID:0061264	lethal congenital contracture syndrome 8	semapv:LexicalMatching	oaklib	0.5	skos:exactMatch-INVERSE	skos:exactMatch	omim:616287	LEXMATCH
MONDO:0014579	Senior-Loken syndrome 8	skos:closeMatch	DOID:0061282	Senior-Loken syndrome 8	semapv:LexicalMatching	oaklib	0.5	oio:hasDbXref	oio:hasDbXref	omim:616307	LEXMATCH
MONDO:0014579	Senior-Loken syndrome 8	skos:closeMatch	DOID:0061282	Senior-Loken syndrome 8	semapv:LexicalMatching	oaklib	0.5	oio:hasDbXref	skos:exactMatch	omim:616307	LEXMATCH
MONDO:0014579	Senior-Loken syndrome 8	skos:closeMatch	DOID:0061282	Senior-Loken syndrome 8	semapv:LexicalMatching	oaklib	0.5	skos:exactMatch	oio:hasDbXref	omim:616307	LEXMATCH
MONDO:0014579	Senior-Loken syndrome 8	skos:closeMatch	DOID:0061282	Senior-Loken syndrome 8	semapv:LexicalMatching	oaklib	0.5	skos:exactMatch-INVERSE	oio:hasDbXref	omim:616307	LEXMATCH
MONDO:0014579	Senior-Loken syndrome 8	skos:closeMatch	DOID:0061282	Senior-Loken syndrome 8	semapv:LexicalMatching	oaklib	0.5	skos:exactMatch-INVERSE	skos:exactMatch	omim:616307	LEXMATCH
MONDO:0014670	lethal congenital contracture syndrome 9	skos:closeMatch	DOID:0061265	lethal congenital contracture syndrome 9	semapv:LexicalMatching	oaklib	0.5	oio:hasDbXref	oio:hasDbXref	omim:616503	LEXMATCH
MONDO:0014670	lethal congenital contracture syndrome 9	skos:closeMatch	DOID:0061265	lethal congenital contracture syndrome 9	semapv:LexicalMatching	oaklib	0.5	oio:hasDbXref	skos:exactMatch	omim:616503	LEXMATCH
MONDO:0014670	lethal congenital contracture syndrome 9	skos:closeMatch	DOID:0061265	lethal congenital contracture syndrome 9	semapv:LexicalMatching	oaklib	0.5	skos:exactMatch	oio:hasDbXref	omim:616503	LEXMATCH
MONDO:0014670	lethal congenital contracture syndrome 9	skos:closeMatch	DOID:0061265	lethal congenital contracture syndrome 9	semapv:LexicalMatching	oaklib	0.5	skos:exactMatch-INVERSE	oio:hasDbXref	omim:616503	LEXMATCH
MONDO:0014670	lethal congenital contracture syndrome 9	skos:closeMatch	DOID:0061265	lethal congenital contracture syndrome 9	semapv:LexicalMatching	oaklib	0.5	skos:exactMatch-INVERSE	skos:exactMatch	omim:616503	LEXMATCH
MONDO:0014712	Senior-Loken syndrome 9	skos:closeMatch	DOID:0061283	Senior-Loken syndrome 9	semapv:LexicalMatching	oaklib	0.5	oio:hasDbXref	oio:hasDbXref	omim:616629	LEXMATCH
MONDO:0014712	Senior-Loken syndrome 9	skos:closeMatch	DOID:0061283	Senior-Loken syndrome 9	semapv:LexicalMatching	oaklib	0.5	oio:hasDbXref	skos:exactMatch	omim:616629	LEXMATCH
MONDO:0014712	Senior-Loken syndrome 9	skos:closeMatch	DOID:0061283	Senior-Loken syndrome 9	semapv:LexicalMatching	oaklib	0.5	skos:exactMatch	oio:hasDbXref	omim:616629	LEXMATCH
MONDO:0014712	Senior-Loken syndrome 9	skos:closeMatch	DOID:0061283	Senior-Loken syndrome 9	semapv:LexicalMatching	oaklib	0.5	skos:exactMatch-INVERSE	oio:hasDbXref	omim:616629	LEXMATCH
MONDO:0014712	Senior-Loken syndrome 9	skos:closeMatch	DOID:0061283	Senior-Loken syndrome 9	semapv:LexicalMatching	oaklib	0.5	skos:exactMatch-INVERSE	skos:exactMatch	omim:616629	LEXMATCH
MONDO:0014870	NEK9-related lethal skeletal dysplasia	skos:closeMatch	DOID:0061266	lethal congenital contracture syndrome 10	semapv:LexicalMatching	oaklib	0.5	oio:hasDbXref	oio:hasDbXref	omim:617022	LEXMATCH
MONDO:0014870	NEK9-related lethal skeletal dysplasia	skos:closeMatch	DOID:0061266	lethal congenital contracture syndrome 10	semapv:LexicalMatching	oaklib	0.5	oio:hasDbXref	skos:exactMatch	omim:617022	LEXMATCH
MONDO:0014870	NEK9-related lethal skeletal dysplasia	skos:closeMatch	DOID:0061266	lethal congenital contracture syndrome 10	semapv:LexicalMatching	oaklib	0.5	skos:exactMatch	oio:hasDbXref	omim:617022	LEXMATCH
MONDO:0014870	NEK9-related lethal skeletal dysplasia	skos:closeMatch	DOID:0061266	lethal congenital contracture syndrome 10	semapv:LexicalMatching	oaklib	0.5	skos:exactMatch-INVERSE	oio:hasDbXref	omim:617022	LEXMATCH
MONDO:0014870	NEK9-related lethal skeletal dysplasia	skos:closeMatch	DOID:0061266	lethal congenital contracture syndrome 10	semapv:LexicalMatching	oaklib	0.5	skos:exactMatch-INVERSE	skos:exactMatch	omim:617022	LEXMATCH
MONDO:0014875	hyperaldosteronism, familial, type IV	skos:closeMatch	DOID:0061250	familial hyperaldosteronism IV	semapv:LexicalMatching	oaklib	0.5	oio:hasDbXref	oio:hasDbXref	omim:617027	LEXMATCH
MONDO:0014875	hyperaldosteronism, familial, type IV	skos:closeMatch	DOID:0061250	familial hyperaldosteronism IV	semapv:LexicalMatching	oaklib	0.5	oio:hasDbXref	skos:exactMatch	omim:617027	LEXMATCH
MONDO:0014875	hyperaldosteronism, familial, type IV	skos:closeMatch	DOID:0061250	familial hyperaldosteronism IV	semapv:LexicalMatching	oaklib	0.5	skos:exactMatch	oio:hasDbXref	omim:617027	LEXMATCH
MONDO:0014875	hyperaldosteronism, familial, type IV	skos:closeMatch	DOID:0061250	familial hyperaldosteronism IV	semapv:LexicalMatching	oaklib	0.5	skos:exactMatch-INVERSE	oio:hasDbXref	omim:617027	LEXMATCH
MONDO:0014875	hyperaldosteronism, familial, type IV	skos:closeMatch	DOID:0061250	familial hyperaldosteronism IV	semapv:LexicalMatching	oaklib	0.5	skos:exactMatch-INVERSE	skos:exactMatch	omim:617027	LEXMATCH
MONDO:0014965	lethal congenital contracture syndrome 11	skos:closeMatch	DOID:0061267	lethal congenital contracture syndrome 11	semapv:LexicalMatching	oaklib	0.5	oio:hasDbXref	oio:hasDbXref	omim:617194	LEXMATCH
MONDO:0014965	lethal congenital contracture syndrome 11	skos:closeMatch	DOID:0061267	lethal congenital contracture syndrome 11	semapv:LexicalMatching	oaklib	0.5	oio:hasDbXref	skos:exactMatch	omim:617194	LEXMATCH
MONDO:0014965	lethal congenital contracture syndrome 11	skos:closeMatch	DOID:0061267	lethal congenital contracture syndrome 11	semapv:LexicalMatching	oaklib	0.5	skos:exactMatch	oio:hasDbXref	omim:617194	LEXMATCH
MONDO:0014965	lethal congenital contracture syndrome 11	skos:closeMatch	DOID:0061267	lethal congenital contracture syndrome 11	semapv:LexicalMatching	oaklib	0.5	skos:exactMatch-INVERSE	oio:hasDbXref	omim:617194	LEXMATCH
MONDO:0014965	lethal congenital contracture syndrome 11	skos:closeMatch	DOID:0061267	lethal congenital contracture syndrome 11	semapv:LexicalMatching	oaklib	0.5	skos:exactMatch-INVERSE	skos:exactMatch	omim:617194	LEXMATCH
MONDO:0014966	periventricular nodular heterotopia 7	skos:closeMatch	DOID:0061270	periventricular nodular heterotopia 7	semapv:LexicalMatching	oaklib	0.5	oio:hasDbXref	oio:hasDbXref	omim:617201	LEXMATCH
MONDO:0014966	periventricular nodular heterotopia 7	skos:closeMatch	DOID:0061270	periventricular nodular heterotopia 7	semapv:LexicalMatching	oaklib	0.5	oio:hasDbXref	skos:exactMatch	omim:617201	LEXMATCH
MONDO:0014966	periventricular nodular heterotopia 7	skos:closeMatch	DOID:0061270	periventricular nodular heterotopia 7	semapv:LexicalMatching	oaklib	0.5	skos:exactMatch	oio:hasDbXref	omim:617201	LEXMATCH
MONDO:0014966	periventricular nodular heterotopia 7	skos:closeMatch	DOID:0061270	periventricular nodular heterotopia 7	semapv:LexicalMatching	oaklib	0.5	skos:exactMatch-INVERSE	oio:hasDbXref	omim:617201	LEXMATCH
MONDO:0014966	periventricular nodular heterotopia 7	skos:closeMatch	DOID:0061270	periventricular nodular heterotopia 7	semapv:LexicalMatching	oaklib	0.5	skos:exactMatch-INVERSE	skos:exactMatch	omim:617201	LEXMATCH
MONDO:0016525	familial hyperaldosteronism	skos:closeMatch	DOID:0061247	familial hyperaldosteronism	semapv:LexicalMatching	oaklib	0.5	oio:hasDbXref	oio:hasDbXref	omimps:103900	LEXMATCH
MONDO:0016525	familial hyperaldosteronism	skos:closeMatch	DOID:0061247	familial hyperaldosteronism	semapv:LexicalMatching	oaklib	0.5	oio:hasDbXref	skos:exactMatch	omimps:103900	LEXMATCH
MONDO:0016525	familial hyperaldosteronism	skos:closeMatch	DOID:0061247	familial hyperaldosteronism	semapv:LexicalMatching	oaklib	0.5	skos:exactMatch	oio:hasDbXref	omimps:103900	LEXMATCH
MONDO:0016525	familial hyperaldosteronism	skos:closeMatch	DOID:0061247	familial hyperaldosteronism	semapv:LexicalMatching	oaklib	0.5	skos:exactMatch-INVERSE	oio:hasDbXref	omimps:103900	LEXMATCH
MONDO:0016525	familial hyperaldosteronism	skos:closeMatch	DOID:0061247	familial hyperaldosteronism	semapv:LexicalMatching	oaklib	0.5	skos:exactMatch-INVERSE	skos:exactMatch	omimps:103900	LEXMATCH
MONDO:0018116	galactosemia	skos:closeMatch	DOID:14695	galactokinase deficiency	semapv:LexicalMatching	oaklib	0.5	oio:hasDbXref	oio:hasDbXref	mesh:d005693	LEXMATCH
MONDO:0018116	galactosemia	skos:closeMatch	DOID:14695	galactokinase deficiency	semapv:LexicalMatching	oaklib	0.5	skos:exactMatch	oio:hasDbXref	mesh:d005693	LEXMATCH
MONDO:0018638	pseudohypoaldosteronism	skos:closeMatch	DOID:0060854	autosomal recessive pseudohypoaldosteronism type 1	semapv:LexicalMatching	oaklib	0.5	oio:hasDbXref	oio:hasDbXref	mesh:d011546	LEXMATCH
MONDO:0018638	pseudohypoaldosteronism	skos:closeMatch	DOID:0060854	autosomal recessive pseudohypoaldosteronism type 1	semapv:LexicalMatching	oaklib	0.5	skos:exactMatch	oio:hasDbXref	mesh:d011546	LEXMATCH
MONDO:0019287	ectodermal dysplasia syndrome	skos:closeMatch	DOID:14693	Clouston syndrome	semapv:LexicalMatching	oaklib	0.5	oio:hasDbXref	oio:hasDbXref	mesh:d004476	LEXMATCH
MONDO:0019287	ectodermal dysplasia syndrome	skos:closeMatch	DOID:14693	Clouston syndrome	semapv:LexicalMatching	oaklib	0.5	skos:exactMatch	oio:hasDbXref	mesh:d004476	LEXMATCH
MONDO:0020765	neuropathy, congenital hypomyelinating, 2	skos:closeMatch	DOID:0070679	congenital hypomyelinating neuropathy 2	semapv:LexicalMatching	oaklib	0.5	oio:hasDbXref	oio:hasDbXref	omim:618184	LEXMATCH
MONDO:0020765	neuropathy, congenital hypomyelinating, 2	skos:closeMatch	DOID:0070679	congenital hypomyelinating neuropathy 2	semapv:LexicalMatching	oaklib	0.5	oio:hasDbXref	skos:exactMatch	omim:618184	LEXMATCH
MONDO:0020765	neuropathy, congenital hypomyelinating, 2	skos:closeMatch	DOID:0070679	congenital hypomyelinating neuropathy 2	semapv:LexicalMatching	oaklib	0.5	skos:exactMatch	oio:hasDbXref	omim:618184	LEXMATCH
MONDO:0020765	neuropathy, congenital hypomyelinating, 2	skos:closeMatch	DOID:0070679	congenital hypomyelinating neuropathy 2	semapv:LexicalMatching	oaklib	0.5	skos:exactMatch-INVERSE	oio:hasDbXref	omim:618184	LEXMATCH
MONDO:0020765	neuropathy, congenital hypomyelinating, 2	skos:closeMatch	DOID:0070679	congenital hypomyelinating neuropathy 2	semapv:LexicalMatching	oaklib	0.5	skos:exactMatch-INVERSE	skos:exactMatch	omim:618184	LEXMATCH
MONDO:0020766	neuropathy, congenital hypomyelinating, 3	skos:closeMatch	DOID:0070680	congenital hypomyelinating neuropathy 3	semapv:LexicalMatching	oaklib	0.5	oio:hasDbXref	oio:hasDbXref	omim:618186	LEXMATCH
MONDO:0020766	neuropathy, congenital hypomyelinating, 3	skos:closeMatch	DOID:0070680	congenital hypomyelinating neuropathy 3	semapv:LexicalMatching	oaklib	0.5	oio:hasDbXref	skos:exactMatch	omim:618186	LEXMATCH
MONDO:0020766	neuropathy, congenital hypomyelinating, 3	skos:closeMatch	DOID:0070680	congenital hypomyelinating neuropathy 3	semapv:LexicalMatching	oaklib	0.5	skos:exactMatch	oio:hasDbXref	omim:618186	LEXMATCH
MONDO:0020766	neuropathy, congenital hypomyelinating, 3	skos:closeMatch	DOID:0070680	congenital hypomyelinating neuropathy 3	semapv:LexicalMatching	oaklib	0.5	skos:exactMatch-INVERSE	oio:hasDbXref	omim:618186	LEXMATCH
MONDO:0020766	neuropathy, congenital hypomyelinating, 3	skos:closeMatch	DOID:0070680	congenital hypomyelinating neuropathy 3	semapv:LexicalMatching	oaklib	0.5	skos:exactMatch-INVERSE	skos:exactMatch	omim:618186	LEXMATCH
MONDO:0020796	Silver-Russell syndrome 1	skos:closeMatch	DOID:14681	Silver-Russell syndrome	semapv:LexicalMatching	oaklib	0.5	oio:hasDbXref	oio:hasDbXref	omim:180860	LEXMATCH
MONDO:0020796	Silver-Russell syndrome 1	skos:closeMatch	DOID:14681	Silver-Russell syndrome	semapv:LexicalMatching	oaklib	0.5	oio:hasDbXref	skos:exactMatch	omim:180860	LEXMATCH
MONDO:0020796	Silver-Russell syndrome 1	skos:closeMatch	DOID:14681	Silver-Russell syndrome	semapv:LexicalMatching	oaklib	0.5	skos:exactMatch	oio:hasDbXref	omim:180860	LEXMATCH
MONDO:0020796	Silver-Russell syndrome 1	skos:closeMatch	DOID:14681	Silver-Russell syndrome	semapv:LexicalMatching	oaklib	0.5	skos:exactMatch-INVERSE	oio:hasDbXref	omim:180860	LEXMATCH
MONDO:0020796	Silver-Russell syndrome 1	skos:closeMatch	DOID:14681	Silver-Russell syndrome	semapv:LexicalMatching	oaklib	0.5	skos:exactMatch-INVERSE	skos:exactMatch	omim:180860	LEXMATCH
MONDO:0030449	hearing loss, autosomal recessive 118, with cochlear aplasia	skos:closeMatch	DOID:0070672	autosomal recessive nonsyndromic deafness 118	semapv:LexicalMatching	oaklib	0.5	oio:hasDbXref	oio:hasDbXref	omim:619553	LEXMATCH
MONDO:0030449	hearing loss, autosomal recessive 118, with cochlear aplasia	skos:closeMatch	DOID:0070672	autosomal recessive nonsyndromic deafness 118	semapv:LexicalMatching	oaklib	0.5	oio:hasDbXref	skos:exactMatch	omim:619553	LEXMATCH
MONDO:0030449	hearing loss, autosomal recessive 118, with cochlear aplasia	skos:closeMatch	DOID:0070672	autosomal recessive nonsyndromic deafness 118	semapv:LexicalMatching	oaklib	0.5	skos:exactMatch	oio:hasDbXref	omim:619553	LEXMATCH
MONDO:0030449	hearing loss, autosomal recessive 118, with cochlear aplasia	skos:closeMatch	DOID:0070672	autosomal recessive nonsyndromic deafness 118	semapv:LexicalMatching	oaklib	0.5	skos:exactMatch-INVERSE	oio:hasDbXref	omim:619553	LEXMATCH
MONDO:0030449	hearing loss, autosomal recessive 118, with cochlear aplasia	skos:closeMatch	DOID:0070672	autosomal recessive nonsyndromic deafness 118	semapv:LexicalMatching	oaklib	0.5	skos:exactMatch-INVERSE	skos:exactMatch	omim:619553	LEXMATCH
MONDO:0030480	hearing loss, autosomal recessive 119	skos:closeMatch	DOID:0070673	autosomal recessive nonsyndromic deafness 119	semapv:LexicalMatching	oaklib	0.5	oio:hasDbXref	oio:hasDbXref	omim:619615	LEXMATCH
MONDO:0030480	hearing loss, autosomal recessive 119	skos:closeMatch	DOID:0070673	autosomal recessive nonsyndromic deafness 119	semapv:LexicalMatching	oaklib	0.5	oio:hasDbXref	skos:exactMatch	omim:619615	LEXMATCH
MONDO:0030480	hearing loss, autosomal recessive 119	skos:closeMatch	DOID:0070673	autosomal recessive nonsyndromic deafness 119	semapv:LexicalMatching	oaklib	0.5	skos:exactMatch	oio:hasDbXref	omim:619615	LEXMATCH
MONDO:0030480	hearing loss, autosomal recessive 119	skos:closeMatch	DOID:0070673	autosomal recessive nonsyndromic deafness 119	semapv:LexicalMatching	oaklib	0.5	skos:exactMatch-INVERSE	oio:hasDbXref	omim:619615	LEXMATCH
MONDO:0030480	hearing loss, autosomal recessive 119	skos:closeMatch	DOID:0070673	autosomal recessive nonsyndromic deafness 119	semapv:LexicalMatching	oaklib	0.5	skos:exactMatch-INVERSE	skos:exactMatch	omim:619615	LEXMATCH
MONDO:0030905	hearing loss, autosomal recessive 117	skos:closeMatch	DOID:0070671	autosomal recessive nonsyndromic deafness 117	semapv:LexicalMatching	oaklib	0.5	oio:hasDbXref	oio:hasDbXref	omim:619174	LEXMATCH
MONDO:0030905	hearing loss, autosomal recessive 117	skos:closeMatch	DOID:0070671	autosomal recessive nonsyndromic deafness 117	semapv:LexicalMatching	oaklib	0.5	oio:hasDbXref	skos:exactMatch	omim:619174	LEXMATCH
MONDO:0030905	hearing loss, autosomal recessive 117	skos:closeMatch	DOID:0070671	autosomal recessive nonsyndromic deafness 117	semapv:LexicalMatching	oaklib	0.5	skos:exactMatch	oio:hasDbXref	omim:619174	LEXMATCH
MONDO:0030905	hearing loss, autosomal recessive 117	skos:closeMatch	DOID:0070671	autosomal recessive nonsyndromic deafness 117	semapv:LexicalMatching	oaklib	0.5	skos:exactMatch-INVERSE	oio:hasDbXref	omim:619174	LEXMATCH
MONDO:0030905	hearing loss, autosomal recessive 117	skos:closeMatch	DOID:0070671	autosomal recessive nonsyndromic deafness 117	semapv:LexicalMatching	oaklib	0.5	skos:exactMatch-INVERSE	skos:exactMatch	omim:619174	LEXMATCH
MONDO:0033352	neuropathy, congenital hypomelinating	skos:closeMatch	DOID:0070678	congenital hypomyelinating neuropathy	semapv:LexicalMatching	oaklib	0.5	oio:hasDbXref	oio:hasDbXref	gard:0025794	LEXMATCH
MONDO:0033352	neuropathy, congenital hypomelinating	skos:closeMatch	DOID:0070678	congenital hypomyelinating neuropathy	semapv:LexicalMatching	oaklib	0.5	oio:hasDbXref	oio:hasDbXref	omimps:605253	LEXMATCH
MONDO:0033352	neuropathy, congenital hypomelinating	skos:closeMatch	DOID:0070678	congenital hypomyelinating neuropathy	semapv:LexicalMatching	oaklib	0.5	oio:hasDbXref	skos:exactMatch	gard:0025794	LEXMATCH
MONDO:0033352	neuropathy, congenital hypomelinating	skos:closeMatch	DOID:0070678	congenital hypomyelinating neuropathy	semapv:LexicalMatching	oaklib	0.5	oio:hasDbXref	skos:exactMatch	omimps:605253	LEXMATCH
MONDO:0033352	neuropathy, congenital hypomelinating	skos:closeMatch	DOID:0070678	congenital hypomyelinating neuropathy	semapv:LexicalMatching	oaklib	0.5	skos:exactMatch	oio:hasDbXref	omimps:605253	LEXMATCH
MONDO:0033352	neuropathy, congenital hypomelinating	skos:closeMatch	DOID:0070678	congenital hypomyelinating neuropathy	semapv:LexicalMatching	oaklib	0.5	skos:exactMatch-INVERSE	oio:hasDbXref	omimps:605253	LEXMATCH
MONDO:0033352	neuropathy, congenital hypomelinating	skos:closeMatch	DOID:0070678	congenital hypomyelinating neuropathy	semapv:LexicalMatching	oaklib	0.5	skos:exactMatch-INVERSE	skos:exactMatch	omimps:605253	LEXMATCH
MONDO:0056795	X-linked spermatogenic failure 1	skos:closeMatch	DOID:0050457	Sertoli cell-only syndrome	semapv:LexicalMatching	oaklib	0.5	oio:hasDbXref	oio:hasDbXref	mesh:d054331	LEXMATCH
MONDO:0056795	X-linked spermatogenic failure 1	skos:closeMatch	DOID:0050457	Sertoli cell-only syndrome	semapv:LexicalMatching	oaklib	0.5	skos:exactMatch	oio:hasDbXref	mesh:d054331	LEXMATCH
MONDO:0859220	Ferguson-Bonni neurodevelopmental syndrome	skos:closeMatch	DOID:0070677	Ferguson-Bonni neurodevelopmental syndrome	semapv:LexicalMatching	oaklib	0.5	oio:hasDbXref	oio:hasDbXref	omim:619699	LEXMATCH
MONDO:0859220	Ferguson-Bonni neurodevelopmental syndrome	skos:closeMatch	DOID:0070677	Ferguson-Bonni neurodevelopmental syndrome	semapv:LexicalMatching	oaklib	0.5	oio:hasDbXref	skos:exactMatch	omim:619699	LEXMATCH
MONDO:0859220	Ferguson-Bonni neurodevelopmental syndrome	skos:closeMatch	DOID:0070677	Ferguson-Bonni neurodevelopmental syndrome	semapv:LexicalMatching	oaklib	0.5	skos:exactMatch	oio:hasDbXref	omim:619699	LEXMATCH
MONDO:0859220	Ferguson-Bonni neurodevelopmental syndrome	skos:closeMatch	DOID:0070677	Ferguson-Bonni neurodevelopmental syndrome	semapv:LexicalMatching	oaklib	0.5	skos:exactMatch-INVERSE	oio:hasDbXref	omim:619699	LEXMATCH
MONDO:0859220	Ferguson-Bonni neurodevelopmental syndrome	skos:closeMatch	DOID:0070677	Ferguson-Bonni neurodevelopmental syndrome	semapv:LexicalMatching	oaklib	0.5	skos:exactMatch-INVERSE	skos:exactMatch	omim:619699	LEXMATCH
MONDO:0859374	hearing loss, autosomal recessive 120	skos:closeMatch	DOID:0070674	autosomal recessive nonsyndromic deafness 120	semapv:LexicalMatching	oaklib	0.5	oio:hasDbXref	oio:hasDbXref	omim:620238	LEXMATCH
MONDO:0859374	hearing loss, autosomal recessive 120	skos:closeMatch	DOID:0070674	autosomal recessive nonsyndromic deafness 120	semapv:LexicalMatching	oaklib	0.5	oio:hasDbXref	skos:exactMatch	omim:620238	LEXMATCH
MONDO:0859374	hearing loss, autosomal recessive 120	skos:closeMatch	DOID:0070674	autosomal recessive nonsyndromic deafness 120	semapv:LexicalMatching	oaklib	0.5	skos:exactMatch	oio:hasDbXref	omim:620238	LEXMATCH
MONDO:0859374	hearing loss, autosomal recessive 120	skos:closeMatch	DOID:0070674	autosomal recessive nonsyndromic deafness 120	semapv:LexicalMatching	oaklib	0.5	skos:exactMatch-INVERSE	oio:hasDbXref	omim:620238	LEXMATCH
MONDO:0859374	hearing loss, autosomal recessive 120	skos:closeMatch	DOID:0070674	autosomal recessive nonsyndromic deafness 120	semapv:LexicalMatching	oaklib	0.5	skos:exactMatch-INVERSE	skos:exactMatch	omim:620238	LEXMATCH
MONDO:0957421	borna virus encephalitis	skos:closeMatch	DOID:5154	borna disease	semapv:LexicalMatching	oaklib	0.5	oio:hasDbXref	oio:hasDbXref	mesh:d001890	LEXMATCH
MONDO:0957421	borna virus encephalitis	skos:closeMatch	DOID:5154	borna disease	semapv:LexicalMatching	oaklib	0.5	oio:hasDbXref	skos:exactMatch	mesh:d001890	LEXMATCH
MONDO:0957421	borna virus encephalitis	skos:closeMatch	DOID:5154	borna disease	semapv:LexicalMatching	oaklib	0.5	skos:relatedMatch	oio:hasDbXref	mesh:d001890	LEXMATCH
MONDO:0957421	borna virus encephalitis	skos:closeMatch	DOID:5154	borna disease	semapv:LexicalMatching	oaklib	0.5	skos:relatedMatch	skos:exactMatch	mesh:d001890	LEXMATCH
MONDO:0957825	hearing loss, autosomal recessive 121	skos:closeMatch	DOID:0070675	autosomal recessive nonsyndromic deafness 121	semapv:LexicalMatching	oaklib	0.5	oio:hasDbXref	oio:hasDbXref	omim:620551	LEXMATCH
MONDO:0957825	hearing loss, autosomal recessive 121	skos:closeMatch	DOID:0070675	autosomal recessive nonsyndromic deafness 121	semapv:LexicalMatching	oaklib	0.5	oio:hasDbXref	skos:exactMatch	omim:620551	LEXMATCH
MONDO:0957825	hearing loss, autosomal recessive 121	skos:closeMatch	DOID:0070675	autosomal recessive nonsyndromic deafness 121	semapv:LexicalMatching	oaklib	0.5	skos:exactMatch	oio:hasDbXref	omim:620551	LEXMATCH
MONDO:0957825	hearing loss, autosomal recessive 121	skos:closeMatch	DOID:0070675	autosomal recessive nonsyndromic deafness 121	semapv:LexicalMatching	oaklib	0.5	skos:exactMatch-INVERSE	oio:hasDbXref	omim:620551	LEXMATCH
MONDO:0957825	hearing loss, autosomal recessive 121	skos:closeMatch	DOID:0070675	autosomal recessive nonsyndromic deafness 121	semapv:LexicalMatching	oaklib	0.5	skos:exactMatch-INVERSE	skos:exactMatch	omim:620551	LEXMATCH
MONDO:0958228	hearing loss, autosomal recessive 122	skos:closeMatch	DOID:0070669	autosomal recessive nonsyndromic deafness 122	semapv:LexicalMatching	oaklib	0.5	oio:hasDbXref	oio:hasDbXref	omim:620714	LEXMATCH
MONDO:0958228	hearing loss, autosomal recessive 122	skos:closeMatch	DOID:0070669	autosomal recessive nonsyndromic deafness 122	semapv:LexicalMatching	oaklib	0.5	oio:hasDbXref	skos:exactMatch	omim:620714	LEXMATCH
MONDO:0958228	hearing loss, autosomal recessive 122	skos:closeMatch	DOID:0070669	autosomal recessive nonsyndromic deafness 122	semapv:LexicalMatching	oaklib	0.5	skos:exactMatch	oio:hasDbXref	omim:620714	LEXMATCH
MONDO:0958228	hearing loss, autosomal recessive 122	skos:closeMatch	DOID:0070669	autosomal recessive nonsyndromic deafness 122	semapv:LexicalMatching	oaklib	0.5	skos:exactMatch-INVERSE	oio:hasDbXref	omim:620714	LEXMATCH
MONDO:0958228	hearing loss, autosomal recessive 122	skos:closeMatch	DOID:0070669	autosomal recessive nonsyndromic deafness 122	semapv:LexicalMatching	oaklib	0.5	skos:exactMatch-INVERSE	skos:exactMatch	omim:620714	LEXMATCH
MONDO:0958277	hearing loss, autosomal recessive 123	skos:closeMatch	DOID:0070670	autosomal recessive nonsyndromic deafness 123	semapv:LexicalMatching	oaklib	0.5	oio:hasDbXref	oio:hasDbXref	omim:620745	LEXMATCH
MONDO:0958277	hearing loss, autosomal recessive 123	skos:closeMatch	DOID:0070670	autosomal recessive nonsyndromic deafness 123	semapv:LexicalMatching	oaklib	0.5	oio:hasDbXref	skos:exactMatch	omim:620745	LEXMATCH
MONDO:0958277	hearing loss, autosomal recessive 123	skos:closeMatch	DOID:0070670	autosomal recessive nonsyndromic deafness 123	semapv:LexicalMatching	oaklib	0.5	skos:exactMatch	oio:hasDbXref	omim:620745	LEXMATCH
MONDO:0958277	hearing loss, autosomal recessive 123	skos:closeMatch	DOID:0070670	autosomal recessive nonsyndromic deafness 123	semapv:LexicalMatching	oaklib	0.5	skos:exactMatch-INVERSE	oio:hasDbXref	omim:620745	LEXMATCH
MONDO:0958277	hearing loss, autosomal recessive 123	skos:closeMatch	DOID:0070670	autosomal recessive nonsyndromic deafness 123	semapv:LexicalMatching	oaklib	0.5	skos:exactMatch-INVERSE	skos:exactMatch	omim:620745	LEXMATCH
MONDO:0968981	autosomal recessive nonsyndromic hearing loss 124	skos:closeMatch	DOID:0070676	autosomal recessive nonsyndromic deafness 124	semapv:LexicalMatching	oaklib	0.5	oio:hasDbXref	oio:hasDbXref	omim:620794	LEXMATCH
MONDO:0968981	autosomal recessive nonsyndromic hearing loss 124	skos:closeMatch	DOID:0070676	autosomal recessive nonsyndromic deafness 124	semapv:LexicalMatching	oaklib	0.5	oio:hasDbXref	skos:exactMatch	omim:620794	LEXMATCH
MONDO:0968981	autosomal recessive nonsyndromic hearing loss 124	skos:closeMatch	DOID:0070676	autosomal recessive nonsyndromic deafness 124	semapv:LexicalMatching	oaklib	0.5	skos:exactMatch	oio:hasDbXref	omim:620794	LEXMATCH
MONDO:0968981	autosomal recessive nonsyndromic hearing loss 124	skos:closeMatch	DOID:0070676	autosomal recessive nonsyndromic deafness 124	semapv:LexicalMatching	oaklib	0.5	skos:exactMatch-INVERSE	oio:hasDbXref	omim:620794	LEXMATCH
MONDO:0968981	autosomal recessive nonsyndromic hearing loss 124	skos:closeMatch	DOID:0070676	autosomal recessive nonsyndromic deafness 124	semapv:LexicalMatching	oaklib	0.5	skos:exactMatch-INVERSE	skos:exactMatch	omim:620794	LEXMATCH
MONDO:0975808	congenital myopathy 25	skos:closeMatch	DOID:0061256	congenital myopathy 25	semapv:LexicalMatching	oaklib	0.5	oio:hasDbXref	oio:hasDbXref	omim:620964	LEXMATCH
MONDO:0975808	congenital myopathy 25	skos:closeMatch	DOID:0061256	congenital myopathy 25	semapv:LexicalMatching	oaklib	0.5	oio:hasDbXref	skos:exactMatch	omim:620964	LEXMATCH
MONDO:0975808	congenital myopathy 25	skos:closeMatch	DOID:0061256	congenital myopathy 25	semapv:LexicalMatching	oaklib	0.5	skos:exactMatch	oio:hasDbXref	omim:620964	LEXMATCH
MONDO:0975808	congenital myopathy 25	skos:closeMatch	DOID:0061256	congenital myopathy 25	semapv:LexicalMatching	oaklib	0.5	skos:exactMatch-INVERSE	oio:hasDbXref	omim:620964	LEXMATCH
MONDO:0975808	congenital myopathy 25	skos:closeMatch	DOID:0061256	congenital myopathy 25	semapv:LexicalMatching	oaklib	0.5	skos:exactMatch-INVERSE	skos:exactMatch	omim:620964	LEXMATCH
MONDO:0979229	congenital myopathy 26	skos:closeMatch	DOID:0061257	congenital myopathy 26	semapv:LexicalMatching	oaklib	0.5	oio:hasDbXref	oio:hasDbXref	omim:621225	LEXMATCH
MONDO:0979229	congenital myopathy 26	skos:closeMatch	DOID:0061257	congenital myopathy 26	semapv:LexicalMatching	oaklib	0.5	oio:hasDbXref	skos:exactMatch	omim:621225	LEXMATCH
MONDO:0979229	congenital myopathy 26	skos:closeMatch	DOID:0061257	congenital myopathy 26	semapv:LexicalMatching	oaklib	0.5	skos:exactMatch	oio:hasDbXref	omim:621225	LEXMATCH
MONDO:0979229	congenital myopathy 26	skos:closeMatch	DOID:0061257	congenital myopathy 26	semapv:LexicalMatching	oaklib	0.5	skos:exactMatch-INVERSE	oio:hasDbXref	omim:621225	LEXMATCH
MONDO:0979229	congenital myopathy 26	skos:closeMatch	DOID:0061257	congenital myopathy 26	semapv:LexicalMatching	oaklib	0.5	skos:exactMatch-INVERSE	skos:exactMatch	omim:621225	LEXMATCH
MONDO:0979897	congenital myopathy 27	skos:closeMatch	DOID:0061258	congenital myopathy 27	semapv:LexicalMatching	oaklib	0.5	oio:hasDbXref	oio:hasDbXref	omim:621343	LEXMATCH
MONDO:0979897	congenital myopathy 27	skos:closeMatch	DOID:0061258	congenital myopathy 27	semapv:LexicalMatching	oaklib	0.5	oio:hasDbXref	skos:exactMatch	omim:621343	LEXMATCH
MONDO:0979897	congenital myopathy 27	skos:closeMatch	DOID:0061258	congenital myopathy 27	semapv:LexicalMatching	oaklib	0.5	skos:exactMatch	oio:hasDbXref	omim:621343	LEXMATCH
MONDO:0979897	congenital myopathy 27	skos:closeMatch	DOID:0061258	congenital myopathy 27	semapv:LexicalMatching	oaklib	0.5	skos:exactMatch-INVERSE	oio:hasDbXref	omim:621343	LEXMATCH
MONDO:0979897	congenital myopathy 27	skos:closeMatch	DOID:0061258	congenital myopathy 27	semapv:LexicalMatching	oaklib	0.5	skos:exactMatch-INVERSE	skos:exactMatch	omim:621343	LEXMATCH
MONDO:0980756	congenital myopathy 28 with rigid spine	skos:closeMatch	DOID:0061259	congenital myopathy 28	semapv:LexicalMatching	oaklib	0.5	oio:hasDbXref	oio:hasDbXref	omim:621433	LEXMATCH
MONDO:0980756	congenital myopathy 28 with rigid spine	skos:closeMatch	DOID:0061259	congenital myopathy 28	semapv:LexicalMatching	oaklib	0.5	oio:hasDbXref	skos:exactMatch	omim:621433	LEXMATCH
MONDO:0980756	congenital myopathy 28 with rigid spine	skos:closeMatch	DOID:0061259	congenital myopathy 28	semapv:LexicalMatching	oaklib	0.5	skos:exactMatch	oio:hasDbXref	omim:621433	LEXMATCH
MONDO:0980756	congenital myopathy 28 with rigid spine	skos:closeMatch	DOID:0061259	congenital myopathy 28	semapv:LexicalMatching	oaklib	0.5	skos:exactMatch-INVERSE	oio:hasDbXref	omim:621433	LEXMATCH
MONDO:0980756	congenital myopathy 28 with rigid spine	skos:closeMatch	DOID:0061259	congenital myopathy 28	semapv:LexicalMatching	oaklib	0.5	skos:exactMatch-INVERSE	skos:exactMatch	omim:621433	LEXMATCH
MONDO:0980940	neurodevelopmental disorder with hypotonia, epilepsy, and absent speech	skos:closeMatch	DOID:0061252	neurodevelopmental disorder with hypotonia, epilepsy, and absent speech	semapv:LexicalMatching	oaklib	0.5	oio:hasDbXref	oio:hasDbXref	omim:621455	LEXMATCH
MONDO:0980940	neurodevelopmental disorder with hypotonia, epilepsy, and absent speech	skos:closeMatch	DOID:0061252	neurodevelopmental disorder with hypotonia, epilepsy, and absent speech	semapv:LexicalMatching	oaklib	0.5	oio:hasDbXref	skos:exactMatch	omim:621455	LEXMATCH
MONDO:0980940	neurodevelopmental disorder with hypotonia, epilepsy, and absent speech	skos:closeMatch	DOID:0061252	neurodevelopmental disorder with hypotonia, epilepsy, and absent speech	semapv:LexicalMatching	oaklib	0.5	skos:exactMatch	oio:hasDbXref	omim:621455	LEXMATCH
MONDO:0980940	neurodevelopmental disorder with hypotonia, epilepsy, and absent speech	skos:closeMatch	DOID:0061252	neurodevelopmental disorder with hypotonia, epilepsy, and absent speech	semapv:LexicalMatching	oaklib	0.5	skos:exactMatch-INVERSE	oio:hasDbXref	omim:621455	LEXMATCH
MONDO:0980940	neurodevelopmental disorder with hypotonia, epilepsy, and absent speech	skos:closeMatch	DOID:0061252	neurodevelopmental disorder with hypotonia, epilepsy, and absent speech	semapv:LexicalMatching	oaklib	0.5	skos:exactMatch-INVERSE	skos:exactMatch	omim:621455	LEXMATCH
MONDO:0980941	neurodevelopmental disorder with speech delay, movement abnormalities, and seizures	skos:closeMatch	DOID:0061253	neurodevelopmental disorder with speech delay, movement abnormalities, and seizures	semapv:LexicalMatching	oaklib	0.5	oio:hasDbXref	oio:hasDbXref	omim:621456	LEXMATCH
MONDO:0980941	neurodevelopmental disorder with speech delay, movement abnormalities, and seizures	skos:closeMatch	DOID:0061253	neurodevelopmental disorder with speech delay, movement abnormalities, and seizures	semapv:LexicalMatching	oaklib	0.5	oio:hasDbXref	skos:exactMatch	omim:621456	LEXMATCH
MONDO:0980941	neurodevelopmental disorder with speech delay, movement abnormalities, and seizures	skos:closeMatch	DOID:0061253	neurodevelopmental disorder with speech delay, movement abnormalities, and seizures	semapv:LexicalMatching	oaklib	0.5	skos:exactMatch	oio:hasDbXref	omim:621456	LEXMATCH
MONDO:0980941	neurodevelopmental disorder with speech delay, movement abnormalities, and seizures	skos:closeMatch	DOID:0061253	neurodevelopmental disorder with speech delay, movement abnormalities, and seizures	semapv:LexicalMatching	oaklib	0.5	skos:exactMatch-INVERSE	oio:hasDbXref	omim:621456	LEXMATCH
MONDO:0980941	neurodevelopmental disorder with speech delay, movement abnormalities, and seizures	skos:closeMatch	DOID:0061253	neurodevelopmental disorder with speech delay, movement abnormalities, and seizures	semapv:LexicalMatching	oaklib	0.5	skos:exactMatch-INVERSE	skos:exactMatch	omim:621456	LEXMATCH
MONDO:0980942	intellectual developmental disorder with seizures and dysmorphic facies	skos:closeMatch	DOID:0061254	intellectual developmental disorder with seizures and dysmorphic facies	semapv:LexicalMatching	oaklib	0.5	oio:hasDbXref	oio:hasDbXref	omim:621457	LEXMATCH
MONDO:0980942	intellectual developmental disorder with seizures and dysmorphic facies	skos:closeMatch	DOID:0061254	intellectual developmental disorder with seizures and dysmorphic facies	semapv:LexicalMatching	oaklib	0.5	oio:hasDbXref	skos:exactMatch	omim:621457	LEXMATCH
MONDO:0980942	intellectual developmental disorder with seizures and dysmorphic facies	skos:closeMatch	DOID:0061254	intellectual developmental disorder with seizures and dysmorphic facies	semapv:LexicalMatching	oaklib	0.5	skos:exactMatch	oio:hasDbXref	omim:621457	LEXMATCH
MONDO:0980942	intellectual developmental disorder with seizures and dysmorphic facies	skos:closeMatch	DOID:0061254	intellectual developmental disorder with seizures and dysmorphic facies	semapv:LexicalMatching	oaklib	0.5	skos:exactMatch-INVERSE	oio:hasDbXref	omim:621457	LEXMATCH
MONDO:0980942	intellectual developmental disorder with seizures and dysmorphic facies	skos:closeMatch	DOID:0061254	intellectual developmental disorder with seizures and dysmorphic facies	semapv:LexicalMatching	oaklib	0.5	skos:exactMatch-INVERSE	skos:exactMatch	omim:621457	LEXMATCH
MONDO:0980963	Charcot-Marie-Tooth disease, axonal, type 2KK	skos:closeMatch	DOID:0061251	Charcot-Marie-Tooth disease type 2KK	semapv:LexicalMatching	oaklib	0.5	oio:hasDbXref	oio:hasDbXref	omim:621466	LEXMATCH
MONDO:0980963	Charcot-Marie-Tooth disease, axonal, type 2KK	skos:closeMatch	DOID:0061251	Charcot-Marie-Tooth disease type 2KK	semapv:LexicalMatching	oaklib	0.5	oio:hasDbXref	skos:exactMatch	omim:621466	LEXMATCH
MONDO:0980963	Charcot-Marie-Tooth disease, axonal, type 2KK	skos:closeMatch	DOID:0061251	Charcot-Marie-Tooth disease type 2KK	semapv:LexicalMatching	oaklib	0.5	skos:exactMatch	oio:hasDbXref	omim:621466	LEXMATCH
MONDO:0980963	Charcot-Marie-Tooth disease, axonal, type 2KK	skos:closeMatch	DOID:0061251	Charcot-Marie-Tooth disease type 2KK	semapv:LexicalMatching	oaklib	0.5	skos:exactMatch-INVERSE	oio:hasDbXref	omim:621466	LEXMATCH
MONDO:0980963	Charcot-Marie-Tooth disease, axonal, type 2KK	skos:closeMatch	DOID:0061251	Charcot-Marie-Tooth disease type 2KK	semapv:LexicalMatching	oaklib	0.5	skos:exactMatch-INVERSE	skos:exactMatch	omim:621466	LEXMATCH
MONDO:0980990	neurodevelopmental disorder with parkinsonism or other movement abnormalities	skos:closeMatch	DOID:0051076	neurodevelopmental disorder with parkinsonism or other movement abnormalities	semapv:LexicalMatching	oaklib	0.5	oio:hasDbXref	oio:hasDbXref	omim:621506	LEXMATCH
MONDO:0980990	neurodevelopmental disorder with parkinsonism or other movement abnormalities	skos:closeMatch	DOID:0051076	neurodevelopmental disorder with parkinsonism or other movement abnormalities	semapv:LexicalMatching	oaklib	0.5	oio:hasDbXref	skos:exactMatch	omim:621506	LEXMATCH
MONDO:0980990	neurodevelopmental disorder with parkinsonism or other movement abnormalities	skos:closeMatch	DOID:0051076	neurodevelopmental disorder with parkinsonism or other movement abnormalities	semapv:LexicalMatching	oaklib	0.5	skos:exactMatch	oio:hasDbXref	omim:621506	LEXMATCH
MONDO:0980990	neurodevelopmental disorder with parkinsonism or other movement abnormalities	skos:closeMatch	DOID:0051076	neurodevelopmental disorder with parkinsonism or other movement abnormalities	semapv:LexicalMatching	oaklib	0.5	skos:exactMatch-INVERSE	oio:hasDbXref	omim:621506	LEXMATCH
MONDO:0980990	neurodevelopmental disorder with parkinsonism or other movement abnormalities	skos:closeMatch	DOID:0051076	neurodevelopmental disorder with parkinsonism or other movement abnormalities	semapv:LexicalMatching	oaklib	0.5	skos:exactMatch-INVERSE	skos:exactMatch	omim:621506	LEXMATCH
MONDO:0980991	microcephaly 31, primary, autosomal recessive	skos:closeMatch	DOID:0051074	primary autosomal recessive microcephaly 31	semapv:LexicalMatching	oaklib	0.5	oio:hasDbXref	oio:hasDbXref	omim:621507	LEXMATCH
MONDO:0980991	microcephaly 31, primary, autosomal recessive	skos:closeMatch	DOID:0051074	primary autosomal recessive microcephaly 31	semapv:LexicalMatching	oaklib	0.5	oio:hasDbXref	skos:exactMatch	omim:621507	LEXMATCH
MONDO:0980991	microcephaly 31, primary, autosomal recessive	skos:closeMatch	DOID:0051074	primary autosomal recessive microcephaly 31	semapv:LexicalMatching	oaklib	0.5	skos:exactMatch	oio:hasDbXref	omim:621507	LEXMATCH
MONDO:0980991	microcephaly 31, primary, autosomal recessive	skos:closeMatch	DOID:0051074	primary autosomal recessive microcephaly 31	semapv:LexicalMatching	oaklib	0.5	skos:exactMatch-INVERSE	oio:hasDbXref	omim:621507	LEXMATCH
MONDO:0980991	microcephaly 31, primary, autosomal recessive	skos:closeMatch	DOID:0051074	primary autosomal recessive microcephaly 31	semapv:LexicalMatching	oaklib	0.5	skos:exactMatch-INVERSE	skos:exactMatch	omim:621507	LEXMATCH
MONDO:0980992	Meier-Gorlin syndrome 9	skos:closeMatch	DOID:0051069	Meier-Gorlin syndrome 9	semapv:LexicalMatching	oaklib	0.5	oio:hasDbXref	oio:hasDbXref	omim:621512	LEXMATCH
MONDO:0980992	Meier-Gorlin syndrome 9	skos:closeMatch	DOID:0051069	Meier-Gorlin syndrome 9	semapv:LexicalMatching	oaklib	0.5	oio:hasDbXref	skos:exactMatch	omim:621512	LEXMATCH
MONDO:0980992	Meier-Gorlin syndrome 9	skos:closeMatch	DOID:0051069	Meier-Gorlin syndrome 9	semapv:LexicalMatching	oaklib	0.5	skos:exactMatch	oio:hasDbXref	omim:621512	LEXMATCH
MONDO:0980992	Meier-Gorlin syndrome 9	skos:closeMatch	DOID:0051069	Meier-Gorlin syndrome 9	semapv:LexicalMatching	oaklib	0.5	skos:exactMatch-INVERSE	oio:hasDbXref	omim:621512	LEXMATCH
MONDO:0980992	Meier-Gorlin syndrome 9	skos:closeMatch	DOID:0051069	Meier-Gorlin syndrome 9	semapv:LexicalMatching	oaklib	0.5	skos:exactMatch-INVERSE	skos:exactMatch	omim:621512	LEXMATCH
MONDO:0981022	cardiomyopathy, dilated, 3C	skos:closeMatch	DOID:0051073	dilated cardiomyopathy 3C	semapv:LexicalMatching	oaklib	0.5	oio:hasDbXref	oio:hasDbXref	omim:301163	LEXMATCH
MONDO:0981022	cardiomyopathy, dilated, 3C	skos:closeMatch	DOID:0051073	dilated cardiomyopathy 3C	semapv:LexicalMatching	oaklib	0.5	oio:hasDbXref	skos:exactMatch	omim:301163	LEXMATCH
MONDO:0981022	cardiomyopathy, dilated, 3C	skos:closeMatch	DOID:0051073	dilated cardiomyopathy 3C	semapv:LexicalMatching	oaklib	0.5	skos:exactMatch	oio:hasDbXref	omim:301163	LEXMATCH
MONDO:0981022	cardiomyopathy, dilated, 3C	skos:closeMatch	DOID:0051073	dilated cardiomyopathy 3C	semapv:LexicalMatching	oaklib	0.5	skos:exactMatch-INVERSE	oio:hasDbXref	omim:301163	LEXMATCH
MONDO:0981022	cardiomyopathy, dilated, 3C	skos:closeMatch	DOID:0051073	dilated cardiomyopathy 3C	semapv:LexicalMatching	oaklib	0.5	skos:exactMatch-INVERSE	skos:exactMatch	omim:301163	LEXMATCH
MONDO:0981023	spondylocostal dysostosis 7, autosomal recessive	skos:closeMatch	DOID:0061255	spondylocostal dysostosis 7	semapv:LexicalMatching	oaklib	0.5	oio:hasDbXref	oio:hasDbXref	omim:621523	LEXMATCH
MONDO:0981023	spondylocostal dysostosis 7, autosomal recessive	skos:closeMatch	DOID:0061255	spondylocostal dysostosis 7	semapv:LexicalMatching	oaklib	0.5	oio:hasDbXref	skos:exactMatch	omim:621523	LEXMATCH
MONDO:0981023	spondylocostal dysostosis 7, autosomal recessive	skos:closeMatch	DOID:0061255	spondylocostal dysostosis 7	semapv:LexicalMatching	oaklib	0.5	skos:exactMatch	oio:hasDbXref	omim:621523	LEXMATCH
MONDO:0981023	spondylocostal dysostosis 7, autosomal recessive	skos:closeMatch	DOID:0061255	spondylocostal dysostosis 7	semapv:LexicalMatching	oaklib	0.5	skos:exactMatch-INVERSE	oio:hasDbXref	omim:621523	LEXMATCH
MONDO:0981023	spondylocostal dysostosis 7, autosomal recessive	skos:closeMatch	DOID:0061255	spondylocostal dysostosis 7	semapv:LexicalMatching	oaklib	0.5	skos:exactMatch-INVERSE	skos:exactMatch	omim:621523	LEXMATCH
MONDO:0981024	neurodegenerative disorder with cerebellar and caudate atrophy	skos:closeMatch	DOID:0051072	neurodegenerative disorder with cerebellar and caudate atrophy	semapv:LexicalMatching	oaklib	0.5	oio:hasDbXref	oio:hasDbXref	omim:621525	LEXMATCH
MONDO:0981024	neurodegenerative disorder with cerebellar and caudate atrophy	skos:closeMatch	DOID:0051072	neurodegenerative disorder with cerebellar and caudate atrophy	semapv:LexicalMatching	oaklib	0.5	oio:hasDbXref	skos:exactMatch	omim:621525	LEXMATCH
MONDO:0981024	neurodegenerative disorder with cerebellar and caudate atrophy	skos:closeMatch	DOID:0051072	neurodegenerative disorder with cerebellar and caudate atrophy	semapv:LexicalMatching	oaklib	0.5	skos:exactMatch	oio:hasDbXref	omim:621525	LEXMATCH
MONDO:0981024	neurodegenerative disorder with cerebellar and caudate atrophy	skos:closeMatch	DOID:0051072	neurodegenerative disorder with cerebellar and caudate atrophy	semapv:LexicalMatching	oaklib	0.5	skos:exactMatch-INVERSE	oio:hasDbXref	omim:621525	LEXMATCH
MONDO:0981024	neurodegenerative disorder with cerebellar and caudate atrophy	skos:closeMatch	DOID:0051072	neurodegenerative disorder with cerebellar and caudate atrophy	semapv:LexicalMatching	oaklib	0.5	skos:exactMatch-INVERSE	skos:exactMatch	omim:621525	LEXMATCH
MONDO:1010029	aleutian mink disease, human	skos:closeMatch	DOID:2934	aleutian mink disease	semapv:LexicalMatching	oaklib	0.5	oio:hasDbXref	oio:hasDbXref	mesh:d000453	LEXMATCH
MONDO:1010029	aleutian mink disease, human	skos:closeMatch	DOID:2934	aleutian mink disease	semapv:LexicalMatching	oaklib	0.5	oio:hasDbXref	skos:exactMatch	mesh:d000453	LEXMATCH
MONDO:1010029	aleutian mink disease, human	skos:closeMatch	DOID:2934	aleutian mink disease	semapv:LexicalMatching	oaklib	0.5	skos:relatedMatch	oio:hasDbXref	mesh:d000453	LEXMATCH
MONDO:1010029	aleutian mink disease, human	skos:closeMatch	DOID:2934	aleutian mink disease	semapv:LexicalMatching	oaklib	0.5	skos:relatedMatch	skos:exactMatch	mesh:d000453	LEXMATCH
